{"cameraMode":{"drawMode":0,"name":"Shaded","section":"Shading Mode"},"sceneLighting":true,"audioPlay":false,"sceneViewState":{"m_AlwaysRefresh":false,"showFog":true,"showSkybox":true,"showFlares":true,"showImageEffects":true,"showParticleSystems":true,"showVisualEffectGraphs":true,"m_FxEnabled":true},"in2DMode":false,"pivot":{"x":0.05684924125671387,"y":0.5166847705841065,"z":0.23456209897994996},"rotation":{"x":-0.050760418176651,"y":0.035870261490345,"z":-0.0019158099312335253,"w":-0.9982255697250366},"size":0.9359835982322693,"orthographic":false}